species,year,sizeclass1,sizeclass2,sizeclass3,sizeclass4,sizeclass5
Blue_whiting,1,NA,24,7963,2009,NA
Blue_whiting,2,NA,13,7440,2543,1
Blue_whiting,3,NA,6,6471,3513,5
Blue_whiting,4,NA,3,5577,4406,11
Blue_whiting,5,NA,4,4927,5049,20
Blue_whiting,6,NA,4,4345,5611,35
Blue_whiting,7,NA,3,3853,6088,51
Blue_whiting,8,NA,3,3650,6287,59
Blue_whiting,9,NA,1,3400,6523,72
Blue_whiting,10,NA,1,3119,6780,91
Blue_whiting,11,NA,1,2971,6923,106
Blue_whiting,12,NA,2,2971,6914,107
Blue_whiting,13,NA,1,3002,6886,102
Blue_whiting,14,NA,1,3098,6794,97
Blue_whiting,15,NA,1,3180,6727,90
Blue_whiting,16,NA,2,3298,6608,80
Blue_whiting,17,NA,3,3411,6509,77
Blue_whiting,18,NA,3,3516,6409,72
Blue_whiting,19,NA,3,3540,6385,69
Blue_whiting,20,NA,3,3554,6375,67
Blue_whiting,21,NA,3,3513,6410,70
Blue_whiting,22,NA,4,3458,6455,74
Blue_whiting,23,NA,4,3413,6500,79
Blue_whiting,24,NA,4,3333,6575,84
Blue_whiting,25,NA,3,3224,6678,91
Blue_whiting,26,NA,4,3119,6768,101
Blue_whiting,27,NA,4,3055,6822,107
Blue_whiting,28,NA,4,2954,6921,118
Blue_whiting,29,NA,4,2912,6955,125
Blue_whiting,30,NA,4,2851,7009,131
Blue_whiting,31,NA,5,2832,7023,136
Blue_whiting,32,NA,4,2927,6935,127
Blue_whiting,33,NA,4,2991,6878,120
Blue_whiting,34,NA,5,3018,6851,121
Blue_whiting,35,NA,4,3008,6863,123
Blue_whiting,36,NA,4,3001,6868,121
Blue_whiting,37,NA,4,2957,6909,124
Blue_whiting,38,NA,4,2873,6985,128
Blue_whiting,39,NA,4,2864,6992,130
Blue_whiting,40,NA,3,2828,7024,135
Blue_whiting,41,NA,4,2812,7045,135
Blue_whiting,42,NA,4,2783,7066,137
Blue_whiting,43,NA,4,2818,7041,137
Blue_whiting,44,NA,3,2796,7057,137
Blue_whiting,45,NA,3,2806,7052,135
Blue_whiting,46,NA,4,2856,7002,135
Blue_whiting,47,NA,4,2921,6945,123
Blue_whiting,48,NA,4,2954,6914,122
Blue_whiting,49,NA,4,2954,6911,123
Blue_whiting,50,NA,4,2970,6894,121
Blue_whiting,51,NA,4,2982,6883,120
Blue_whiting,52,NA,4,2969,6894,124
Blue_whiting,53,NA,5,2992,6877,119
Blue_whiting,54,NA,4,2986,6880,121
Blue_whiting,55,NA,4,2951,6916,124
Blue_whiting,56,NA,4,2910,6953,125
Blue_whiting,57,NA,3,2776,7078,140
Blue_whiting,58,NA,3,2674,7171,148
Blue_whiting,59,NA,3,2662,7180,147
Blue_whiting,60,NA,4,2709,7133,146
Blue_whiting,61,NA,3,2717,7126,145
Blue_whiting,62,NA,3,2753,7100,142
Blue_whiting,63,NA,3,2782,7070,137
Blue_whiting,64,NA,3,2838,7019,137
Blue_whiting,65,NA,4,2890,6971,125
Blue_whiting,66,NA,3,2937,6930,118
Blue_whiting,67,NA,4,2973,6894,118
Blue_whiting,68,NA,3,2961,6909,119
Blue_whiting,69,NA,4,2970,6901,118
Blue_whiting,70,NA,3,2980,6895,116
Blue_whiting,71,NA,4,3001,6869,114
Blue_whiting,72,NA,3,2949,6927,118
Blue_whiting,73,NA,3,2919,6950,122
Blue_whiting,74,NA,3,2863,7000,125
Blue_whiting,75,NA,3,2855,7012,128
Blue_whiting,76,NA,3,2842,7016,130
Blue_whiting,77,NA,3,2820,7037,132
Blue_whiting,78,NA,3,2806,7052,135
Blue_whiting,79,NA,4,2904,6959,122
Blue_whiting,80,NA,4,2951,6929,120
Blue_whiting,81,NA,3,2950,6922,119
Blue_whiting,82,NA,4,2939,6935,120
Blue_whiting,83,NA,3,2946,6920,117
Blue_whiting,84,NA,4,2975,6905,118
Blue_whiting,85,NA,4,2973,6904,119
Blue_whiting,86,NA,4,2907,6956,123
Blue_whiting,87,NA,3,2884,6980,123
Blue_whiting,88,NA,3,2875,6983,123
Blue_whiting,89,NA,3,2870,6991,126
Blue_whiting,90,NA,4,2911,6952,122
Blue_whiting,91,NA,3,2904,6961,121
Blue_whiting,92,NA,4,2871,6989,126
Blue_whiting,93,NA,3,2874,6989,125
Blue_whiting,94,NA,4,2901,6965,121
Blue_whiting,95,NA,4,2908,6957,125
Blue_whiting,96,NA,3,2867,6998,124
Blue_whiting,97,NA,3,2906,6957,122
Blue_whiting,98,NA,4,2888,6976,124
Blue_whiting,99,NA,4,2899,6966,123
Blue_whiting,100,NA,4,2884,6982,125
Blue_whiting,101,NA,3,2873,6991,124
Blue_whiting,102,NA,3,2846,7018,125
Blue_whiting,103,NA,4,2882,6984,124
Blue_whiting,104,NA,4,2904,6959,124
Blue_whiting,105,NA,3,2886,6981,123
Blue_whiting,106,NA,4,2924,6945,121
Blue_whiting,107,NA,4,2925,6947,122
Blue_whiting,108,NA,3,2933,6933,122
Blue_whiting,109,NA,4,2922,6941,123
Blue_whiting,110,NA,4,2875,6986,127
Blue_whiting,111,NA,4,2866,6997,127
Blue_whiting,112,NA,4,2883,6977,128
Blue_whiting,113,NA,4,2881,6984,131
Blue_whiting,114,NA,4,2866,6990,134
Blue_whiting,115,NA,4,2891,6963,130
Blue_whiting,116,NA,4,2900,6959,131
Blue_whiting,117,NA,4,2907,6952,127
Blue_whiting,118,NA,3,2917,6946,126
Blue_whiting,119,NA,4,2934,6931,124
Blue_whiting,120,NA,3,2925,6934,125
Blue_whiting,121,NA,4,2962,6907,119
Blue_whiting,122,NA,4,2923,6939,126
Blue_whiting,123,NA,4,2915,6945,124
Blue_whiting,124,NA,4,2949,6916,123
Blue_whiting,125,NA,4,2968,6904,123
Blue_whiting,126,NA,4,2913,6952,127
Blue_whiting,127,NA,4,2912,6944,126
Blue_whiting,128,NA,4,2910,6955,125
Blue_whiting,129,NA,3,2886,6976,127
Blue_whiting,130,NA,4,2968,6897,119
Blue_whiting,131,NA,4,2978,6890,121
Blue_whiting,132,NA,4,3041,6838,118
Blue_whiting,133,NA,4,3031,6839,113
Blue_whiting,134,NA,4,3093,6794,111
Blue_whiting,135,NA,4,3087,6790,109
Blue_whiting,136,NA,4,3129,6755,105
Blue_whiting,137,NA,4,3204,6695,100
Blue_whiting,138,NA,4,3241,6657,97
Blue_whiting,139,NA,5,3349,6553,90
Blue_whiting,140,NA,4,3333,6568,91
Blue_whiting,141,NA,4,3416,6492,83
Blue_whiting,142,NA,4,3454,6461,81
Blue_whiting,143,NA,3,3458,6463,78
Blue_whiting,144,NA,4,3490,6424,75
Capelin,1,NA,238,6729,2990,44
Capelin,2,NA,351,6215,3414,21
Capelin,3,NA,253,5693,4006,44
Capelin,4,NA,197,4911,4790,99
Capelin,5,NA,187,4847,4851,111
Capelin,6,NA,217,5025,4641,116
Capelin,7,NA,243,5473,4192,91
Capelin,8,NA,347,6285,3303,68
Capelin,9,NA,193,5428,4310,64
Capelin,10,NA,176,4849,4857,115
Capelin,11,NA,262,5582,4057,98
Capelin,12,NA,222,5535,4166,77
Capelin,13,NA,235,5450,4221,90
Capelin,14,NA,238,5578,4102,81
Capelin,15,NA,159,4982,4762,92
Capelin,16,NA,258,5437,4204,101
Capelin,17,NA,291,6081,3566,61
Capelin,18,NA,162,5170,4594,75
Capelin,19,NA,256,5385,4253,103
Capelin,20,NA,267,5913,3752,68
Capelin,21,NA,192,5267,4457,83
Capelin,22,NA,158,4782,4951,109
Capelin,23,NA,250,5418,4226,101
Capelin,24,NA,179,5181,4549,90
Capelin,25,NA,194,4978,4706,118
Capelin,26,NA,231,5436,4229,100
Capelin,27,NA,261,5749,3906,83
Capelin,28,NA,245,5680,3999,77
Capelin,29,NA,277,5851,3794,77
Capelin,30,NA,257,5818,3857,70
Capelin,31,NA,330,6277,3331,64
Capelin,32,NA,130,5052,4748,71
Capelin,33,NA,152,4381,5323,140
Capelin,34,NA,262,5615,4025,96
Capelin,35,NA,234,5692,4002,70
Capelin,36,NA,202,5301,4405,86
Capelin,37,NA,151,4814,4930,105
Capelin,38,NA,255,5452,4190,103
Capelin,39,NA,224,5622,4083,73
Capelin,40,NA,156,4837,4897,105
Capelin,41,NA,157,4575,5125,141
Capelin,42,NA,137,4473,5249,140
Capelin,43,NA,211,5028,4633,127
Capelin,44,NA,197,5270,4436,94
Capelin,45,NA,126,4562,5197,113
Capelin,46,NA,322,5882,3691,99
Capelin,47,NA,253,6000,3693,53
Capelin,48,NA,152,4900,4853,94
Capelin,49,NA,199,4969,4711,115
Capelin,50,NA,216,5362,4326,91
Capelin,51,NA,199,5223,4485,90
Capelin,52,NA,177,5008,4711,102
Capelin,53,NA,119,4433,5323,125
Capelin,54,NA,259,5334,4287,119
Capelin,55,NA,262,5932,3739,65
Capelin,56,NA,122,4732,5050,93
Capelin,57,NA,221,4969,4680,128
Capelin,58,NA,253,5783,3881,81
Capelin,59,NA,175,5094,4633,93
Capelin,60,NA,157,4652,5055,133
Capelin,61,NA,223,5251,4410,117
Capelin,62,NA,217,5408,4278,93
Capelin,63,NA,188,5095,4611,102
Capelin,64,NA,170,4915,4803,108
Capelin,65,NA,124,4462,5287,127
Capelin,66,NA,188,4807,4875,129
Capelin,67,NA,296,6010,3614,75
Capelin,68,NA,177,5313,4432,73
Capelin,69,NA,185,4954,4750,110
Capelin,70,NA,298,5983,3636,79
Capelin,71,NA,159,5211,4559,71
Capelin,72,NA,133,4374,5359,134
Capelin,73,NA,267,5538,4076,114
Capelin,74,NA,252,5828,3847,71
Capelin,75,NA,128,4669,5094,107
Capelin,76,NA,160,4437,5242,160
Capelin,77,NA,288,5821,3791,101
Capelin,78,NA,154,5093,4666,82
Capelin,79,NA,213,5034,4634,117
Capelin,80,NA,265,5810,3842,79
Capelin,81,NA,178,5199,4538,83
Capelin,82,NA,165,4776,4941,116
Capelin,83,NA,299,5883,3725,88
Capelin,84,NA,177,5373,4381,69
Capelin,85,NA,212,5094,4582,107
Capelin,86,NA,169,5030,4700,99
Capelin,87,NA,263,5581,4057,97
Capelin,88,NA,272,5980,3683,64
Capelin,89,NA,177,5221,4522,80
Capelin,90,NA,144,4637,5103,116
Capelin,91,NA,283,5668,3947,101
Capelin,92,NA,213,5637,4086,64
Capelin,93,NA,147,4725,5012,112
Capelin,94,NA,230,5230,4412,124
Capelin,95,NA,209,5424,4275,88
Capelin,96,NA,137,4631,5109,117
Capelin,97,NA,175,4641,5034,147
Capelin,98,NA,210,5249,4431,107
Capelin,99,NA,227,5448,4233,92
Capelin,100,NA,265,5812,3841,76
Capelin,101,NA,213,5510,4202,75
Capelin,102,NA,185,5079,4638,100
Capelin,103,NA,216,5287,4396,99
Capelin,104,NA,236,5566,4115,84
Capelin,105,NA,222,5480,4217,83
Capelin,106,NA,210,5315,4382,91
Capelin,107,NA,244,5586,4086,85
Capelin,108,NA,181,5172,4551,91
Capelin,109,NA,162,4711,5002,124
Capelin,110,NA,241,5419,4226,115
Capelin,111,NA,248,5730,3943,78
Capelin,112,NA,143,4843,4912,101
Capelin,113,NA,236,5224,4418,119
Capelin,114,NA,221,5552,4142,83
Capelin,115,NA,198,5249,4465,90
Capelin,116,NA,233,5440,4229,94
Capelin,117,NA,155,4942,4801,98
Capelin,118,NA,178,4821,4876,123
Capelin,119,NA,342,6286,3295,75
Capelin,120,NA,221,5751,3970,56
Capelin,121,NA,187,5060,4652,100
Capelin,122,NA,224,5326,4346,100
Capelin,123,NA,215,5365,4322,94
Capelin,124,NA,240,5510,4154,91
Capelin,125,NA,200,5323,4386,87
Capelin,126,NA,173,4950,4770,105
Capelin,127,NA,264,5603,4033,97
Capelin,128,NA,197,5402,4319,77
Capelin,129,NA,113,4442,5324,118
Capelin,130,NA,294,5612,3980,113
Capelin,131,NA,248,5921,3768,58
Capelin,132,NA,170,5021,4710,96
Capelin,133,NA,200,5024,4654,122
Capelin,134,NA,210,5296,4397,96
Capelin,135,NA,218,5333,4346,98
Capelin,136,NA,295,6019,3610,75
Capelin,137,NA,213,5587,4132,69
Capelin,138,NA,145,4725,5019,109
Capelin,139,NA,233,5205,4441,118
Capelin,140,NA,144,4939,4820,97
Capelin,141,NA,282,5600,4011,104
Capelin,142,NA,202,5500,4221,76
Capelin,143,NA,179,4933,4772,113
Capelin,144,NA,213,5211,4458,116
Green_halibut,1,NA,NA,250,6540,2802
Green_halibut,2,NA,NA,41,5377,4196
Green_halibut,3,NA,NA,29,4158,5353
Green_halibut,4,NA,NA,32,3477,5865
Green_halibut,5,NA,NA,9,3206,5959
Green_halibut,6,NA,NA,NA,3852,5346
Green_halibut,7,NA,NA,NA,2918,6214
Green_halibut,8,NA,NA,NA,1828,7198
Green_halibut,9,NA,NA,NA,1338,7618
Green_halibut,10,NA,NA,NA,1149,7585
Green_halibut,11,NA,NA,2,1069,7381
Green_halibut,12,NA,NA,NA,1001,7285
Green_halibut,13,NA,NA,3,1022,7217
Green_halibut,14,NA,NA,NA,988,7172
Green_halibut,15,NA,NA,NA,1033,7049
Green_halibut,16,NA,NA,NA,1064,7008
Green_halibut,17,NA,NA,NA,1025,7049
Green_halibut,18,NA,NA,NA,1046,7102
Green_halibut,19,NA,NA,NA,994,7182
Green_halibut,20,NA,NA,NA,979,7175
Green_halibut,21,NA,NA,NA,960,7180
Green_halibut,22,NA,NA,NA,975,7176
Green_halibut,23,NA,NA,NA,935,7191
Green_halibut,24,NA,NA,NA,902,7247
Green_halibut,25,NA,NA,NA,897,7184
Green_halibut,26,NA,NA,NA,902,7134
Green_halibut,27,NA,NA,NA,839,7185
Green_halibut,28,NA,NA,NA,855,7162
Green_halibut,29,NA,NA,NA,898,7114
Green_halibut,30,NA,NA,NA,893,7146
Green_halibut,31,NA,NA,NA,903,7116
Green_halibut,32,NA,NA,NA,906,7115
Green_halibut,33,NA,NA,NA,898,7123
Green_halibut,34,NA,NA,NA,910,7164
Green_halibut,35,NA,NA,NA,887,7109
Green_halibut,36,NA,NA,NA,914,7147
Green_halibut,37,NA,NA,NA,870,7136
Green_halibut,38,NA,NA,NA,903,7164
Green_halibut,39,NA,NA,NA,884,7107
Green_halibut,40,NA,NA,NA,886,7096
Green_halibut,41,NA,NA,NA,876,7147
Green_halibut,42,NA,NA,NA,862,7107
Green_halibut,43,NA,NA,NA,858,7128
Green_halibut,44,NA,NA,NA,892,7096
Green_halibut,45,NA,NA,NA,837,7154
Green_halibut,46,NA,NA,NA,853,7187
Green_halibut,47,NA,NA,NA,844,7164
Green_halibut,48,NA,NA,NA,852,7162
Green_halibut,49,NA,NA,NA,844,7164
Green_halibut,50,NA,NA,1,878,7141
Green_halibut,51,NA,NA,NA,889,7164
Green_halibut,52,NA,NA,NA,887,7150
Green_halibut,53,NA,NA,NA,857,7134
Green_halibut,54,NA,NA,NA,875,7181
Green_halibut,55,NA,NA,NA,893,7159
Green_halibut,56,NA,NA,NA,887,7128
Green_halibut,57,NA,NA,NA,832,7172
Green_halibut,58,NA,NA,NA,846,7157
Green_halibut,59,NA,NA,NA,855,7092
Green_halibut,60,NA,NA,NA,812,7110
Green_halibut,61,NA,NA,NA,808,7101
Green_halibut,62,NA,NA,NA,814,7129
Green_halibut,63,NA,NA,NA,809,7101
Green_halibut,64,NA,NA,NA,880,7062
Green_halibut,65,NA,NA,NA,901,7048
Green_halibut,66,NA,NA,NA,873,7042
Green_halibut,67,NA,NA,NA,917,7030
Green_halibut,68,NA,NA,NA,928,7098
Green_halibut,69,NA,NA,NA,930,7109
Green_halibut,70,NA,NA,NA,895,7089
Green_halibut,71,NA,NA,NA,947,7055
Green_halibut,72,NA,NA,NA,953,7086
Green_halibut,73,NA,NA,NA,939,7099
Green_halibut,74,NA,NA,1,945,7042
Green_halibut,75,NA,NA,NA,900,7072
Green_halibut,76,NA,NA,NA,906,7077
Green_halibut,77,NA,NA,NA,923,7011
Green_halibut,78,NA,NA,NA,926,7116
Green_halibut,79,NA,NA,NA,961,7111
Green_halibut,80,NA,NA,NA,972,7101
Green_halibut,81,NA,NA,NA,934,7121
Green_halibut,82,NA,NA,NA,912,7129
Green_halibut,83,NA,NA,NA,949,7128
Green_halibut,84,NA,NA,NA,950,7109
Green_halibut,85,NA,NA,1,931,7114
Green_halibut,86,NA,NA,NA,925,7118
Green_halibut,87,NA,NA,NA,948,7111
Green_halibut,88,NA,NA,NA,916,7128
Green_halibut,89,NA,NA,NA,915,7122
Green_halibut,90,NA,NA,NA,949,7098
Green_halibut,91,NA,NA,NA,957,7117
Green_halibut,92,NA,NA,NA,929,7118
Green_halibut,93,NA,NA,NA,923,7152
Green_halibut,94,NA,NA,NA,924,7106
Green_halibut,95,NA,NA,NA,922,7084
Green_halibut,96,NA,NA,NA,919,7100
Green_halibut,97,NA,NA,NA,901,7056
Green_halibut,98,NA,NA,NA,910,7075
Green_halibut,99,NA,NA,NA,885,7123
Green_halibut,100,NA,NA,NA,903,7132
Green_halibut,101,NA,NA,NA,902,7072
Green_halibut,102,NA,NA,NA,929,7029
Green_halibut,103,NA,NA,NA,916,7065
Green_halibut,104,NA,NA,NA,924,7085
Green_halibut,105,NA,NA,NA,908,7111
Green_halibut,106,NA,NA,1,932,7118
Green_halibut,107,NA,NA,NA,933,7177
Green_halibut,108,NA,NA,NA,949,7166
Green_halibut,109,NA,NA,NA,905,7197
Green_halibut,110,NA,NA,NA,915,7174
Green_halibut,111,NA,NA,NA,912,7225
Green_halibut,112,NA,NA,NA,895,7244
Green_halibut,113,NA,NA,NA,910,7183
Green_halibut,114,NA,NA,NA,894,7187
Green_halibut,115,NA,NA,NA,931,7191
Green_halibut,116,NA,NA,NA,903,7225
Green_halibut,117,NA,NA,NA,920,7186
Green_halibut,118,NA,NA,NA,897,7168
Green_halibut,119,NA,NA,NA,895,7197
Green_halibut,120,NA,NA,NA,926,7129
Green_halibut,121,NA,NA,NA,909,7177
Green_halibut,122,NA,NA,NA,936,7127
Green_halibut,123,NA,NA,NA,933,7197
Green_halibut,124,NA,NA,NA,928,7215
Green_halibut,125,NA,NA,NA,921,7245
Green_halibut,126,NA,NA,NA,895,7272
Green_halibut,127,NA,NA,NA,919,7173
Green_halibut,128,NA,NA,NA,888,7233
Green_halibut,129,NA,NA,NA,887,7181
Green_halibut,130,NA,NA,NA,928,7139
Green_halibut,131,NA,NA,NA,898,7157
Green_halibut,132,NA,NA,NA,916,7155
Green_halibut,133,NA,NA,NA,928,7138
Green_halibut,134,NA,NA,NA,910,7156
Green_halibut,135,NA,NA,1,964,7162
Green_halibut,136,NA,NA,1,919,7206
Green_halibut,137,NA,NA,NA,953,7199
Green_halibut,138,NA,NA,1,881,7206
Green_halibut,139,NA,NA,NA,916,7211
Green_halibut,140,NA,NA,2,943,7154
Green_halibut,141,NA,NA,NA,904,7208
Green_halibut,142,NA,NA,NA,898,7221
Green_halibut,143,NA,NA,NA,923,7214
Green_halibut,144,NA,NA,NA,943,7185
Haddock,1,NA,NA,1697,7910,380
Haddock,2,NA,NA,143,8167,1671
Haddock,3,NA,NA,138,5992,3824
Haddock,4,NA,NA,35,3817,6034
Haddock,5,NA,NA,55,2669,6991
Haddock,6,NA,NA,44,1767,7653
Haddock,7,NA,NA,33,1336,7748
Haddock,8,NA,NA,74,1181,7475
Haddock,9,NA,NA,46,1110,7178
Haddock,10,NA,NA,214,1107,6690
Haddock,11,NA,NA,67,1367,6321
Haddock,12,NA,NA,596,1940,5282
Haddock,13,NA,NA,173,2651,5006
Haddock,14,NA,NA,23,3987,4343
Haddock,15,NA,NA,50,2506,5890
Haddock,16,NA,NA,55,1495,6948
Haddock,17,NA,NA,136,1389,6992
Haddock,18,NA,NA,153,1482,6836
Haddock,19,NA,NA,202,1938,6437
Haddock,20,NA,NA,138,2326,6156
Haddock,21,NA,NA,589,2286,5865
Haddock,22,NA,NA,660,2486,5603
Haddock,23,NA,NA,359,4233,4402
Haddock,24,NA,NA,222,4532,4381
Haddock,25,NA,NA,222,3734,5254
Haddock,26,NA,NA,729,2851,5660
Haddock,27,NA,31,3001,2210,4176
Haddock,28,NA,NA,785,6074,2721
Haddock,29,NA,NA,30,7708,2053
Haddock,30,NA,NA,7,4256,5511
Haddock,31,NA,NA,139,1634,7781
Haddock,32,NA,NA,367,1128,7807
Haddock,33,NA,NA,433,1780,6878
Haddock,34,NA,3865,2697,1111,2013
Haddock,35,NA,NA,2488,6511,834
Haddock,36,NA,NA,42,8898,994
Haddock,37,NA,NA,NA,4728,5172
Haddock,38,NA,NA,3,1603,8021
Haddock,39,NA,NA,53,869,8368
Haddock,40,NA,NA,109,645,8174
Haddock,41,NA,NA,249,919,7567
Haddock,42,NA,NA,231,1386,6910
Haddock,43,NA,150,1940,1765,4850
Haddock,44,NA,NA,609,4936,3346
Haddock,45,NA,NA,63,6968,2338
Haddock,46,NA,NA,4,4159,5212
Haddock,47,NA,576,1191,1529,6044
Haddock,48,NA,NA,1540,3711,4146
Haddock,49,NA,NA,1409,5980,2275
Haddock,50,NA,NA,2174,5195,2386
Haddock,51,NA,NA,160,6900,2727
Haddock,52,NA,NA,3,6440,3437
Haddock,53,NA,NA,NA,2844,6936
Haddock,54,NA,NA,5,1054,8350
Haddock,55,NA,NA,60,650,8341
Haddock,56,NA,NA,22,634,8036
Haddock,57,NA,NA,275,781,7441
Haddock,58,NA,NA,297,1003,6927
Haddock,59,NA,12,1542,1843,4991
Haddock,60,NA,NA,393,4338,3771
Haddock,61,NA,NA,43,6192,2841
Haddock,62,NA,NA,2,3758,5327
Haddock,63,NA,NA,6,1741,7228
Haddock,64,NA,1395,1039,740,5860
Haddock,65,NA,NA,1298,4111,3758
Haddock,66,NA,NA,45,7257,2290
Haddock,67,NA,NA,NA,4298,5269
Haddock,68,NA,NA,10,1617,7747
Haddock,69,NA,NA,56,913,8126
Haddock,70,NA,NA,11,794,8030
Haddock,71,NA,NA,26,885,7726
Haddock,72,NA,NA,60,718,7532
Haddock,73,NA,NA,67,726,7148
Haddock,74,NA,NA,83,882,6646
Haddock,75,NA,1994,1740,661,3883
Haddock,76,NA,NA,1620,5151,2086
Haddock,77,NA,NA,36,7957,1492
Haddock,78,NA,NA,NA,4314,5136
Haddock,79,NA,NA,2,1545,7772
Haddock,80,NA,NA,24,847,8109
Haddock,81,NA,NA,56,628,7964
Haddock,82,NA,NA,46,766,7635
Haddock,83,NA,NA,191,878,7241
Haddock,84,NA,NA,61,1196,6958
Haddock,85,NA,NA,8,1902,6214
Haddock,86,NA,NA,6,1222,6546
Haddock,87,NA,NA,36,672,6730
Haddock,88,NA,114,1018,491,5758
Haddock,89,NA,NA,471,2881,4265
Haddock,90,NA,NA,23,5495,2985
Haddock,91,NA,NA,1,3260,5308
Haddock,92,NA,NA,6,1284,7112
Haddock,93,NA,NA,225,714,7230
Haddock,94,NA,NA,460,1053,6617
Haddock,95,NA,NA,73,2833,5807
Haddock,96,NA,NA,9,3437,5497
Haddock,97,NA,NA,8,1935,6909
Haddock,98,NA,NA,28,1061,7501
Haddock,99,NA,NA,55,878,7362
Haddock,100,NA,NA,157,955,6929
Haddock,101,NA,NA,114,1236,6537
Haddock,102,NA,NA,97,1738,6060
Haddock,103,NA,NA,54,1851,5980
Haddock,104,NA,NA,395,1580,5971
Haddock,105,NA,NA,414,1686,5863
Haddock,106,NA,NA,77,3259,4825
Haddock,107,NA,NA,486,3133,4921
Haddock,108,NA,NA,106,2771,5967
Haddock,109,NA,NA,96,3484,5485
Haddock,110,NA,477,2486,1582,4732
Haddock,111,NA,NA,733,5710,3014
Haddock,112,NA,NA,28,7339,2378
Haddock,113,NA,NA,NA,3894,5820
Haddock,114,NA,NA,198,1427,7870
Haddock,115,NA,NA,331,1125,7780
Haddock,116,NA,NA,336,2136,6587
Haddock,117,NA,NA,77,3047,5947
Haddock,118,NA,NA,8,2966,6085
Haddock,119,NA,NA,11,1819,7105
Haddock,120,NA,NA,76,1004,7542
Haddock,121,NA,NA,549,811,7012
Haddock,122,NA,NA,92,1934,6170
Haddock,123,NA,NA,49,3266,5188
Haddock,124,NA,NA,808,1780,5929
Haddock,125,NA,NA,121,2819,5519
Haddock,126,NA,NA,119,4086,4679
Haddock,127,NA,NA,18,2408,6376
Haddock,128,NA,NA,322,1470,6902
Haddock,129,NA,NA,208,1544,6841
Haddock,130,NA,NA,163,2820,5844
Haddock,131,NA,NA,11,2522,6274
Haddock,132,NA,NA,306,1695,6756
Haddock,133,NA,NA,519,1225,6886
Haddock,134,NA,NA,137,2716,5726
Haddock,135,NA,NA,256,3303,5224
Haddock,136,NA,NA,6,2692,6099
Haddock,137,NA,NA,391,1957,6542
Haddock,138,NA,NA,47,1602,7058
Haddock,139,NA,NA,386,2106,6205
Haddock,140,NA,NA,51,1904,6657
Haddock,141,NA,NA,459,2327,5949
Haddock,142,NA,NA,676,1914,6133
Haddock,143,NA,NA,37,3566,5227
Haddock,144,NA,NA,309,3257,5498
Long_rough_dab,1,6,2070,4456,3280,183
Long_rough_dab,2,3,1819,3916,3490,762
Long_rough_dab,3,3,1694,3810,3229,1260
Long_rough_dab,4,NA,1588,3647,3055,1705
Long_rough_dab,5,2,1506,3667,2876,1942
Long_rough_dab,6,1,1628,3414,2819,2128
Long_rough_dab,7,1,1780,3367,2647,2197
Long_rough_dab,8,NA,1779,3572,2533,2106
Long_rough_dab,9,NA,1632,3728,2569,2062
Long_rough_dab,10,1,1532,3835,2580,2053
Long_rough_dab,11,1,1450,3839,2598,2114
Long_rough_dab,12,1,1345,3779,2711,2156
Long_rough_dab,13,1,1267,3791,2858,2085
Long_rough_dab,14,1,1225,3613,2981,2167
Long_rough_dab,15,NA,1191,3520,3021,2263
Long_rough_dab,16,1,1192,3397,2968,2434
Long_rough_dab,17,1,1187,3348,2949,2512
Long_rough_dab,18,NA,1184,3365,2853,2597
Long_rough_dab,19,1,1142,3250,2861,2741
Long_rough_dab,20,1,1151,3195,2802,2852
Long_rough_dab,21,NA,1135,3106,2795,2966
Long_rough_dab,22,1,1097,3139,2814,2944
Long_rough_dab,23,1,1061,3163,2819,2953
Long_rough_dab,24,1,1039,3051,2859,3042
Long_rough_dab,25,NA,1037,3039,2859,3057
Long_rough_dab,26,NA,1038,3028,2860,3066
Long_rough_dab,27,NA,984,2997,2941,3066
Long_rough_dab,28,NA,1002,2967,2891,3131
Long_rough_dab,29,NA,945,2951,2921,3169
Long_rough_dab,30,1,934,2903,2934,3211
Long_rough_dab,31,NA,882,2870,2919,3324
Long_rough_dab,32,NA,924,2873,2927,3269
Long_rough_dab,33,NA,944,2787,2853,3412
Long_rough_dab,34,NA,908,2840,2900,3345
Long_rough_dab,35,NA,939,2788,2834,3432
Long_rough_dab,36,NA,910,2765,2870,3448
Long_rough_dab,37,NA,851,2773,2906,3460
Long_rough_dab,38,NA,870,2713,2887,3525
Long_rough_dab,39,NA,890,2778,2838,3484
Long_rough_dab,40,NA,878,2752,2884,3477
Long_rough_dab,41,NA,875,2740,2862,3511
Long_rough_dab,42,1,862,2706,2895,3523
Long_rough_dab,43,NA,859,2640,2855,3625
Long_rough_dab,44,1,855,2776,2815,3539
Long_rough_dab,45,1,847,2710,2919,3523
Long_rough_dab,46,1,886,2735,2896,3467
Long_rough_dab,47,NA,871,2812,2862,3450
Long_rough_dab,48,NA,898,2768,2840,3486
Long_rough_dab,49,NA,902,2701,2851,3537
Long_rough_dab,50,1,844,2746,2902,3497
Long_rough_dab,51,1,916,2785,2846,3444
Long_rough_dab,52,NA,868,2753,2888,3489
Long_rough_dab,53,NA,874,2729,2887,3495
Long_rough_dab,54,NA,863,2719,2906,3508
Long_rough_dab,55,NA,893,2668,2856,3577
Long_rough_dab,56,NA,819,2648,2892,3637
Long_rough_dab,57,NA,886,2645,2815,3647
Long_rough_dab,58,1,887,2615,2872,3614
Long_rough_dab,59,1,876,2648,2889,3575
Long_rough_dab,60,NA,855,2732,2892,3513
Long_rough_dab,61,NA,884,2705,2873,3529
Long_rough_dab,62,NA,870,2810,2834,3487
Long_rough_dab,63,NA,876,2776,2863,3478
Long_rough_dab,64,1,897,2790,2826,3473
Long_rough_dab,65,1,892,2793,2865,3439
Long_rough_dab,66,NA,906,2842,2881,3367
Long_rough_dab,67,NA,880,2788,2883,3436
Long_rough_dab,68,NA,885,2794,2862,3452
Long_rough_dab,69,1,881,2766,2888,3454
Long_rough_dab,70,NA,876,2742,2865,3508
Long_rough_dab,71,NA,905,2742,2880,3462
Long_rough_dab,72,NA,870,2780,2880,3471
Long_rough_dab,73,1,872,2724,2870,3529
Long_rough_dab,74,NA,931,2721,2846,3500
Long_rough_dab,75,NA,888,2738,2839,3525
Long_rough_dab,76,1,911,2688,2862,3530
Long_rough_dab,77,NA,809,2755,2868,3558
Long_rough_dab,78,NA,881,2731,2890,3487
Long_rough_dab,79,NA,898,2787,2846,3466
Long_rough_dab,80,1,902,2729,2873,3481
Long_rough_dab,81,1,861,2782,2865,3477
Long_rough_dab,82,NA,844,2695,2886,3571
Long_rough_dab,83,NA,884,2733,2886,3486
Long_rough_dab,84,1,857,2666,2850,3626
Long_rough_dab,85,NA,884,2692,2877,3539
Long_rough_dab,86,1,868,2737,2869,3513
Long_rough_dab,87,NA,939,2646,2882,3526
Long_rough_dab,88,NA,851,2697,2879,3569
Long_rough_dab,89,1,867,2607,2863,3657
Long_rough_dab,90,NA,875,2722,2818,3581
Long_rough_dab,91,NA,914,2704,2818,3559
Long_rough_dab,92,1,907,2688,2830,3565
Long_rough_dab,93,1,870,2624,2828,3661
Long_rough_dab,94,1,881,2655,2852,3591
Long_rough_dab,95,NA,897,2673,2840,3577
Long_rough_dab,96,1,851,2717,2897,3527
Long_rough_dab,97,NA,858,2660,2866,3610
Long_rough_dab,98,NA,890,2690,2862,3545
Long_rough_dab,99,NA,964,2665,2831,3523
Long_rough_dab,100,NA,877,2649,2867,3589
Long_rough_dab,101,NA,920,2653,2864,3549
Long_rough_dab,102,NA,898,2639,2843,3613
Long_rough_dab,103,NA,868,2657,2828,3640
Long_rough_dab,104,NA,883,2682,2870,3555
Long_rough_dab,105,NA,852,2652,2854,3626
Long_rough_dab,106,1,892,2630,2874,3590
Long_rough_dab,107,NA,859,2666,2882,3576
Long_rough_dab,108,NA,868,2585,2845,3692
Long_rough_dab,109,1,866,2708,2887,3530
Long_rough_dab,110,1,891,2601,2885,3606
Long_rough_dab,111,1,875,2624,2891,3595
Long_rough_dab,112,1,885,2598,2902,3599
Long_rough_dab,113,NA,908,2612,2868,3605
Long_rough_dab,114,NA,885,2596,2833,3672
Long_rough_dab,115,NA,881,2629,2857,3619
Long_rough_dab,116,1,857,2563,2849,3714
Long_rough_dab,117,NA,856,2601,2838,3689
Long_rough_dab,118,NA,916,2643,2823,3605
Long_rough_dab,119,NA,856,2543,2885,3697
Long_rough_dab,120,NA,884,2636,2862,3605
Long_rough_dab,121,1,901,2644,2881,3559
Long_rough_dab,122,1,865,2626,2883,3613
Long_rough_dab,123,NA,874,2587,2897,3635
Long_rough_dab,124,NA,886,2578,2851,3671
Long_rough_dab,125,NA,834,2545,2912,3699
Long_rough_dab,126,NA,881,2501,2839,3763
Long_rough_dab,127,1,858,2525,2907,3695
Long_rough_dab,128,1,888,2542,2835,3723
Long_rough_dab,129,NA,844,2613,2877,3652
Long_rough_dab,130,NA,882,2521,2857,3730
Long_rough_dab,131,NA,847,2576,2884,3680
Long_rough_dab,132,NA,881,2617,2858,3627
Long_rough_dab,133,NA,855,2539,2901,3698
Long_rough_dab,134,1,880,2505,2831,3775
Long_rough_dab,135,1,851,2504,2867,3766
Long_rough_dab,136,1,831,2507,2825,3820
Long_rough_dab,137,NA,924,2462,2815,3782
Long_rough_dab,138,NA,846,2526,2872,3751
Long_rough_dab,139,NA,875,2552,2877,3681
Long_rough_dab,140,NA,941,2568,2798,3684
Long_rough_dab,141,1,851,2550,2858,3733
Long_rough_dab,142,NA,868,2514,2829,3771
Long_rough_dab,143,NA,878,2537,2834,3742
Long_rough_dab,144,NA,848,2509,2872,3767
Mackerel,1,NA,118,3934,5187,753
Mackerel,2,NA,40,3271,5651,1016
Mackerel,3,NA,52,2389,6277,1229
Mackerel,4,NA,42,1881,6365,1629
Mackerel,5,NA,46,1668,6197,1986
Mackerel,6,NA,39,1557,6008,2255
Mackerel,7,NA,37,1413,5845,2547
Mackerel,8,NA,38,1351,5686,2720
Mackerel,9,NA,35,1293,5518,2911
Mackerel,10,NA,31,1195,5421,3077
Mackerel,11,NA,29,1159,5278,3220
Mackerel,12,NA,28,1075,5158,3374
Mackerel,13,NA,28,1085,5088,3412
Mackerel,14,NA,24,1043,5026,3495
Mackerel,15,NA,26,1020,4952,3555
Mackerel,16,NA,28,1044,4910,3569
Mackerel,17,NA,30,1084,4806,3610
Mackerel,18,NA,35,1174,4862,3495
Mackerel,19,NA,31,1156,4829,3529
Mackerel,20,NA,32,1142,4862,3513
Mackerel,21,NA,34,1153,4825,3523
Mackerel,22,NA,30,1125,4866,3520
Mackerel,23,NA,34,1185,4913,3425
Mackerel,24,NA,31,1169,4900,3467
Mackerel,25,NA,30,1176,4902,3456
Mackerel,26,NA,31,1146,4901,3474
Mackerel,27,NA,34,1160,4899,3460
Mackerel,28,NA,36,1150,4843,3514
Mackerel,29,NA,30,1160,4823,3536
Mackerel,30,NA,19,1202,4785,3524
Mackerel,31,NA,31,1092,4985,3450
Mackerel,32,NA,34,1161,4909,3462
Mackerel,33,NA,30,1183,4826,3514
Mackerel,34,NA,31,1236,4840,3463
Mackerel,35,NA,30,1183,4965,3410
Mackerel,36,NA,28,1233,4882,3436
Mackerel,37,NA,39,1266,4818,3456
Mackerel,38,NA,22,1266,4832,3453
Mackerel,39,NA,30,1157,4989,3415
Mackerel,40,NA,43,1262,4890,3403
Mackerel,41,NA,34,1283,4946,3339
Mackerel,42,NA,34,1235,4911,3400
Mackerel,43,NA,40,1274,4897,3372
Mackerel,44,NA,43,1318,4873,3346
Mackerel,45,NA,32,1314,4894,3345
Mackerel,46,NA,25,1326,4940,3303
Mackerel,47,NA,41,1300,4996,3271
Mackerel,48,NA,40,1333,5013,3231
Mackerel,49,NA,41,1351,5001,3238
Mackerel,50,NA,34,1362,4896,3319
Mackerel,51,NA,40,1433,5001,3172
Mackerel,52,NA,35,1431,4976,3206
Mackerel,53,NA,36,1334,4935,3314
Mackerel,54,NA,41,1374,4964,3248
Mackerel,55,NA,35,1314,4927,3339
Mackerel,56,NA,35,1317,4938,3324
Mackerel,57,NA,23,1308,4903,3361
Mackerel,58,NA,20,1281,4851,3421
Mackerel,59,NA,32,1127,4981,3431
Mackerel,60,NA,36,1189,4909,3433
Mackerel,61,NA,34,1232,4811,3487
Mackerel,62,NA,40,1306,4854,3377
Mackerel,63,NA,37,1325,4843,3384
Mackerel,64,NA,29,1387,4847,3327
Mackerel,65,NA,19,1282,4933,3358
Mackerel,66,NA,32,1175,4991,3385
Mackerel,67,NA,33,1206,4982,3385
Mackerel,68,NA,26,1248,4930,3394
Mackerel,69,NA,36,1191,4967,3404
Mackerel,70,NA,39,1277,4899,3385
Mackerel,71,NA,39,1335,4876,3349
Mackerel,72,NA,40,1335,4819,3408
Mackerel,73,NA,30,1302,4810,3429
Mackerel,74,NA,39,1243,4835,3454
Mackerel,75,NA,40,1275,4833,3428
Mackerel,76,NA,37,1284,4787,3454
Mackerel,77,NA,26,1300,4781,3455
Mackerel,78,NA,20,1284,4848,3430
Mackerel,79,NA,26,1132,5022,3411
Mackerel,80,NA,41,1189,4944,3401
Mackerel,81,NA,32,1199,4902,3450
Mackerel,82,NA,40,1234,4840,3467
Mackerel,83,NA,45,1312,4826,3407
Mackerel,84,NA,33,1293,4859,3419
Mackerel,85,NA,36,1311,4853,3389
Mackerel,86,NA,41,1332,4815,3391
Mackerel,87,NA,28,1264,4842,3435
Mackerel,88,NA,36,1195,4875,3456
Mackerel,89,NA,34,1182,4869,3483
Mackerel,90,NA,36,1206,4826,3470
Mackerel,91,NA,34,1235,4845,3441
Mackerel,92,NA,26,1257,4861,3421
Mackerel,93,NA,31,1180,4891,3477
Mackerel,94,NA,37,1219,4888,3433
Mackerel,95,NA,35,1241,4874,3422
Mackerel,96,NA,42,1279,4911,3363
Mackerel,97,NA,41,1315,4876,3372
Mackerel,98,NA,36,1270,4872,3415
Mackerel,99,NA,33,1270,4889,3403
Mackerel,100,NA,34,1301,4874,3374
Mackerel,101,NA,34,1177,4818,3527
Mackerel,102,NA,38,1238,4866,3429
Mackerel,103,NA,30,1219,4873,3438
Mackerel,104,NA,27,1188,4844,3506
Mackerel,105,NA,30,1184,4862,3476
Mackerel,106,NA,31,1196,4852,3470
Mackerel,107,NA,36,1232,4946,3376
Mackerel,108,NA,37,1237,4867,3431
Mackerel,109,NA,40,1254,4822,3457
Mackerel,110,NA,40,1315,4836,3389
Mackerel,111,NA,38,1343,4918,3309
Mackerel,112,NA,44,1373,4943,3274
Mackerel,113,NA,46,1521,4893,3195
Mackerel,114,NA,40,1421,4978,3209
Mackerel,115,NA,50,1360,4957,3281
Mackerel,116,NA,36,1473,4887,3250
Mackerel,117,NA,45,1372,5028,3212
Mackerel,118,NA,43,1457,4974,3178
Mackerel,119,NA,47,1398,4983,3234
Mackerel,120,NA,42,1483,4938,3207
Mackerel,121,NA,43,1416,4998,3206
Mackerel,122,NA,39,1498,4950,3181
Mackerel,123,NA,45,1369,5008,3239
Mackerel,124,NA,50,1479,4945,3199
Mackerel,125,NA,55,1475,4922,3211
Mackerel,126,NA,65,1545,4855,3199
Mackerel,127,NA,39,1536,4922,3177
Mackerel,128,NA,51,1434,5012,3168
Mackerel,129,NA,43,1483,4913,3220
Mackerel,130,NA,46,1404,4967,3247
Mackerel,131,NA,39,1456,4947,3215
Mackerel,132,NA,48,1435,4953,3223
Mackerel,133,NA,38,1448,4878,3275
Mackerel,134,NA,47,1376,4947,3285
Mackerel,135,NA,36,1447,4918,3243
Mackerel,136,NA,45,1384,4996,3230
Mackerel,137,NA,61,1534,4982,3113
Mackerel,138,NA,45,1541,4909,3175
Mackerel,139,NA,53,1566,4980,3108
Mackerel,140,NA,45,1596,4942,3109
Mackerel,141,NA,48,1509,4985,3156
Mackerel,142,NA,58,1606,5024,3020
Mackerel,143,NA,42,1568,4992,3099
Mackerel,144,NA,54,1440,4989,3192
North_atl_cod,1,358,86,4015,5499,16
North_atl_cod,2,19,292,2070,7533,55
North_atl_cod,3,6,315,1077,8432,142
North_atl_cod,4,NA,289,528,8863,289
North_atl_cod,5,NA,304,216,8968,488
North_atl_cod,6,NA,305,109,8712,855
North_atl_cod,7,NA,273,43,8272,1378
North_atl_cod,8,NA,273,23,7656,2034
North_atl_cod,9,NA,261,14,6960,2737
North_atl_cod,10,NA,280,8,6402,3287
North_atl_cod,11,NA,275,6,5924,3773
North_atl_cod,12,NA,278,6,5466,4228
North_atl_cod,13,NA,293,6,5132,4562
North_atl_cod,14,NA,291,4,4887,4791
North_atl_cod,15,NA,364,4,4727,4878
North_atl_cod,16,NA,475,7,4647,4844
North_atl_cod,17,NA,568,17,4722,4660
North_atl_cod,18,NA,575,29,5199,4175
North_atl_cod,19,NA,527,59,5601,3786
North_atl_cod,20,NA,448,84,5850,3600
North_atl_cod,21,NA,438,98,5830,3601
North_atl_cod,22,NA,353,118,5896,3601
North_atl_cod,23,NA,406,139,5817,3610
North_atl_cod,24,NA,338,166,5779,3685
North_atl_cod,25,NA,327,167,5699,3769
North_atl_cod,26,NA,342,182,5673,3780
North_atl_cod,27,NA,313,175,5740,3749
North_atl_cod,28,NA,306,180,5719,3763
North_atl_cod,29,NA,302,150,5715,3787
North_atl_cod,30,NA,285,139,5600,3939
North_atl_cod,31,NA,339,121,5453,4039
North_atl_cod,32,NA,372,149,5408,4041
North_atl_cod,33,NA,358,166,5397,4049
North_atl_cod,34,NA,278,169,5476,4056
North_atl_cod,35,NA,249,161,5423,4136
North_atl_cod,36,NA,284,110,5164,4394
North_atl_cod,37,NA,340,84,4860,4671
North_atl_cod,38,NA,347,84,4652,4880
North_atl_cod,39,NA,385,78,4687,4817
North_atl_cod,40,NA,441,99,4796,4637
North_atl_cod,41,NA,425,99,4942,4509
North_atl_cod,42,NA,406,126,5153,4283
North_atl_cod,43,NA,389,166,5327,4091
North_atl_cod,44,NA,315,199,5447,4018
North_atl_cod,45,NA,292,184,5429,4053
North_atl_cod,46,NA,287,144,5416,4121
North_atl_cod,47,NA,348,142,5165,4318
North_atl_cod,48,NA,348,107,5060,4467
North_atl_cod,49,NA,391,124,5019,4432
North_atl_cod,50,NA,345,121,5075,4416
North_atl_cod,51,NA,294,129,5163,4377
North_atl_cod,52,NA,291,116,5110,4447
North_atl_cod,53,NA,300,73,4952,4643
North_atl_cod,54,NA,330,48,4668,4935
North_atl_cod,55,NA,319,36,4459,5153
North_atl_cod,56,NA,351,28,4289,5291
North_atl_cod,57,NA,356,23,4246,5352
North_atl_cod,58,NA,371,32,4276,5300
North_atl_cod,59,NA,360,25,4244,5351
North_atl_cod,60,NA,389,36,4275,5275
North_atl_cod,61,NA,395,32,4324,5216
North_atl_cod,62,NA,381,32,4418,5135
North_atl_cod,63,NA,396,34,4443,5094
North_atl_cod,64,NA,440,37,4472,5019
North_atl_cod,65,NA,388,40,4511,5028
North_atl_cod,66,NA,410,49,4629,4889
North_atl_cod,67,NA,355,44,4700,4868
North_atl_cod,68,NA,388,35,4562,4992
North_atl_cod,69,NA,427,54,4393,5105
North_atl_cod,70,NA,352,52,4381,5196
North_atl_cod,71,NA,386,40,4347,5202
North_atl_cod,72,NA,403,40,4452,5068
North_atl_cod,73,NA,394,44,4418,5123
North_atl_cod,74,NA,383,43,4425,5115
North_atl_cod,75,NA,420,37,4462,5064
North_atl_cod,76,NA,421,40,4465,5048
North_atl_cod,77,NA,449,40,4460,5030
North_atl_cod,78,NA,426,50,4447,5065
North_atl_cod,79,NA,423,40,4479,5042
North_atl_cod,80,NA,378,34,4490,5076
North_atl_cod,81,NA,393,35,4444,5102
North_atl_cod,82,NA,398,40,4475,5067
North_atl_cod,83,NA,390,32,4463,5101
North_atl_cod,84,NA,408,35,4519,5020
North_atl_cod,85,NA,419,33,4554,4975
North_atl_cod,86,NA,413,29,4450,5083
North_atl_cod,87,NA,418,40,4480,5032
North_atl_cod,88,NA,392,37,4529,5029
North_atl_cod,89,NA,409,35,4533,5003
North_atl_cod,90,NA,418,40,4520,4990
North_atl_cod,91,NA,411,41,4535,4982
North_atl_cod,92,NA,362,62,4537,5025
North_atl_cod,93,NA,360,50,4419,5150
North_atl_cod,94,NA,385,43,4366,5180
North_atl_cod,95,NA,373,45,4348,5201
North_atl_cod,96,NA,410,47,4282,5231
North_atl_cod,97,NA,395,40,4337,5207
North_atl_cod,98,NA,377,40,4417,5130
North_atl_cod,99,NA,384,40,4400,5153
North_atl_cod,100,NA,386,59,4386,5141
North_atl_cod,101,NA,417,45,4354,5162
North_atl_cod,102,NA,419,37,4356,5160
North_atl_cod,103,NA,427,53,4336,5143
North_atl_cod,104,NA,426,40,4336,5175
North_atl_cod,105,NA,423,48,4337,5164
North_atl_cod,106,NA,423,48,4319,5187
North_atl_cod,107,NA,415,40,4405,5112
North_atl_cod,108,NA,408,40,4362,5172
North_atl_cod,109,NA,421,33,4350,5174
North_atl_cod,110,NA,410,43,4390,5137
North_atl_cod,111,NA,444,55,4364,5122
North_atl_cod,112,NA,408,47,4367,5159
North_atl_cod,113,NA,437,40,4338,5152
North_atl_cod,114,NA,409,53,4281,5225
North_atl_cod,115,NA,401,49,4214,5294
North_atl_cod,116,NA,432,43,4216,5280
North_atl_cod,117,NA,431,51,4195,5297
North_atl_cod,118,NA,447,43,4269,5198
North_atl_cod,119,NA,407,44,4217,5288
North_atl_cod,120,NA,392,37,4335,5214
North_atl_cod,121,NA,389,41,4279,5260
North_atl_cod,122,NA,415,43,4301,5211
North_atl_cod,123,NA,450,40,4267,5217
North_atl_cod,124,NA,402,39,4328,5198
North_atl_cod,125,NA,408,37,4271,5253
North_atl_cod,126,NA,391,57,4217,5289
North_atl_cod,127,NA,406,44,4157,5347
North_atl_cod,128,NA,381,39,4096,5431
North_atl_cod,129,NA,409,42,4096,5410
North_atl_cod,130,NA,421,37,4102,5393
North_atl_cod,131,NA,452,37,4191,5262
North_atl_cod,132,NA,440,40,4235,5237
North_atl_cod,133,NA,436,41,4224,5258
North_atl_cod,134,NA,435,37,4238,5251
North_atl_cod,135,NA,448,40,4182,5274
North_atl_cod,136,NA,434,40,4180,5282
North_atl_cod,137,NA,435,44,4207,5262
North_atl_cod,138,NA,424,42,4070,5397
North_atl_cod,139,NA,428,37,4096,5376
North_atl_cod,140,NA,450,37,4108,5344
North_atl_cod,141,NA,445,33,4156,5305
North_atl_cod,142,NA,442,38,4129,5324
North_atl_cod,143,NA,429,33,4123,5347
North_atl_cod,144,NA,433,37,4157,5305
Norwegian_ssh,1,NA,NA,68,2497,7430
Norwegian_ssh,2,NA,4,150,747,9090
Norwegian_ssh,3,NA,3,285,118,9574
Norwegian_ssh,4,NA,NA,266,919,8780
Norwegian_ssh,5,NA,NA,272,1383,8298
Norwegian_ssh,6,NA,NA,137,1134,8682
Norwegian_ssh,7,NA,NA,145,818,9003
Norwegian_ssh,8,NA,NA,118,496,9337
Norwegian_ssh,9,NA,NA,189,468,9289
Norwegian_ssh,10,NA,NA,192,537,9228
Norwegian_ssh,11,NA,NA,174,774,9000
Norwegian_ssh,12,NA,NA,208,627,9124
Norwegian_ssh,13,NA,NA,91,694,9157
Norwegian_ssh,14,NA,NA,36,712,9199
Norwegian_ssh,15,NA,NA,72,311,9574
Norwegian_ssh,16,NA,NA,119,185,9665
Norwegian_ssh,17,NA,NA,197,304,9465
Norwegian_ssh,18,NA,NA,208,579,9186
Norwegian_ssh,19,NA,NA,119,913,8956
Norwegian_ssh,20,NA,NA,194,654,9140
Norwegian_ssh,21,NA,NA,182,570,9235
Norwegian_ssh,22,NA,NA,136,757,9093
Norwegian_ssh,23,NA,NA,127,630,9236
Norwegian_ssh,24,NA,NA,85,599,9309
Norwegian_ssh,25,NA,NA,159,452,9378
Norwegian_ssh,26,NA,NA,123,423,9429
Norwegian_ssh,27,NA,NA,59,683,9229
Norwegian_ssh,28,NA,NA,78,460,9424
Norwegian_ssh,29,NA,NA,59,316,9583
Norwegian_ssh,30,NA,NA,121,334,9496
Norwegian_ssh,31,NA,1,193,345,9428
Norwegian_ssh,32,NA,NA,188,728,9063
Norwegian_ssh,33,NA,NA,84,1077,8815
Norwegian_ssh,34,NA,NA,42,705,9237
Norwegian_ssh,35,NA,NA,119,274,9592
Norwegian_ssh,36,NA,NA,71,247,9674
Norwegian_ssh,37,NA,NA,73,467,9449
Norwegian_ssh,38,NA,NA,142,293,9555
Norwegian_ssh,39,NA,NA,100,368,9523
Norwegian_ssh,40,NA,NA,77,647,9267
Norwegian_ssh,41,NA,1,181,372,9432
Norwegian_ssh,42,NA,NA,239,387,9360
Norwegian_ssh,43,NA,1,299,1004,8675
Norwegian_ssh,44,NA,NA,210,1241,8521
Norwegian_ssh,45,NA,NA,195,1414,8368
Norwegian_ssh,46,NA,NA,161,967,8859
Norwegian_ssh,47,NA,NA,155,715,9123
Norwegian_ssh,48,NA,NA,100,595,9299
Norwegian_ssh,49,NA,NA,113,582,9305
Norwegian_ssh,50,NA,1,214,464,9310
Norwegian_ssh,51,NA,8,371,473,9142
Norwegian_ssh,52,NA,NA,216,1287,8493
Norwegian_ssh,53,NA,1,264,1692,8053
Norwegian_ssh,54,NA,NA,242,976,8777
Norwegian_ssh,55,NA,NA,60,1216,8724
Norwegian_ssh,56,NA,2,187,797,9000
Norwegian_ssh,57,NA,3,340,274,9363
Norwegian_ssh,58,NA,2,405,1026,8554
Norwegian_ssh,59,NA,NA,226,1648,8106
Norwegian_ssh,60,NA,NA,258,1390,8327
Norwegian_ssh,61,NA,NA,204,962,8810
Norwegian_ssh,62,NA,NA,190,966,8829
Norwegian_ssh,63,NA,NA,156,771,9062
Norwegian_ssh,64,NA,NA,109,767,9121
Norwegian_ssh,65,NA,NA,107,632,9248
Norwegian_ssh,66,NA,NA,150,519,9330
Norwegian_ssh,67,NA,3,305,457,9228
Norwegian_ssh,68,NA,NA,216,859,8921
Norwegian_ssh,69,NA,1,279,1353,8365
Norwegian_ssh,70,NA,NA,294,967,8738
Norwegian_ssh,71,NA,NA,200,1353,8432
Norwegian_ssh,72,NA,NA,226,1063,8705
Norwegian_ssh,73,NA,1,273,795,8915
Norwegian_ssh,74,NA,2,385,880,8724
Norwegian_ssh,75,NA,NA,362,1305,8323
Norwegian_ssh,76,NA,NA,181,1569,8232
Norwegian_ssh,77,NA,NA,210,1081,8694
Norwegian_ssh,78,NA,NA,313,739,8938
Norwegian_ssh,79,NA,1,382,910,8706
Norwegian_ssh,80,NA,NA,356,1386,8252
Norwegian_ssh,81,NA,NA,238,1745,8012
Norwegian_ssh,82,NA,NA,175,1422,8398
Norwegian_ssh,83,NA,NA,280,914,8795
Norwegian_ssh,84,NA,4,455,754,8782
Norwegian_ssh,85,NA,1,473,1348,8171
Norwegian_ssh,86,NA,16,697,1944,7332
Norwegian_ssh,87,NA,8,862,1962,7158
Norwegian_ssh,88,NA,7,844,3002,6137
Norwegian_ssh,89,NA,10,898,2950,6138
Norwegian_ssh,90,NA,3,779,2854,6358
Norwegian_ssh,91,NA,26,913,2974,6080
Norwegian_ssh,92,NA,2,846,2718,6420
Norwegian_ssh,93,NA,5,765,3042,6179
Norwegian_ssh,94,NA,113,1174,2108,6599
Norwegian_ssh,95,NA,16,1445,2654,5885
Norwegian_ssh,96,NA,NA,747,4477,4768
Norwegian_ssh,97,NA,11,814,3414,5757
Norwegian_ssh,98,NA,209,1163,2001,6626
Norwegian_ssh,99,NA,1435,1320,2550,4690
Norwegian_ssh,100,NA,1404,2401,3489,2699
Norwegian_ssh,101,NA,816,2931,4633,1615
Norwegian_ssh,102,NA,674,2683,5165,1475
Norwegian_ssh,103,NA,367,2559,5090,1973
Norwegian_ssh,104,NA,5,1674,5914,2403
Norwegian_ssh,105,NA,6,966,5514,3507
Norwegian_ssh,106,NA,198,1122,3179,5491
Norwegian_ssh,107,NA,2612,795,2076,4512
Norwegian_ssh,108,NA,2529,2173,3374,1922
Norwegian_ssh,109,NA,655,3655,4580,1104
Norwegian_ssh,110,NA,92,2732,5810,1363
Norwegian_ssh,111,NA,177,2041,5327,2452
Norwegian_ssh,112,NA,579,2212,3846,3356
Norwegian_ssh,113,NA,121,2574,4258,3040
Norwegian_ssh,114,NA,13,1670,5424,2889
Norwegian_ssh,115,NA,87,1632,4261,4017
Norwegian_ssh,116,NA,22,1612,3402,4964
Norwegian_ssh,117,NA,1,941,4034,5022
Norwegian_ssh,118,NA,535,1281,2768,5412
Norwegian_ssh,119,NA,7,1557,3017,5413
Norwegian_ssh,120,NA,1,763,4808,4422
Norwegian_ssh,121,NA,18,927,2703,6350
Norwegian_ssh,122,NA,NA,540,2063,7389
Norwegian_ssh,123,NA,8,729,2336,6921
Norwegian_ssh,124,NA,11,922,1538,7528
Norwegian_ssh,125,NA,3,891,2643,6462
Norwegian_ssh,126,NA,34,1140,2692,6124
Norwegian_ssh,127,NA,1,776,2697,6525
Norwegian_ssh,128,NA,NA,259,3270,6464
Norwegian_ssh,129,NA,NA,357,1614,8023
Norwegian_ssh,130,NA,1,440,881,8675
Norwegian_ssh,131,NA,8,730,1221,8038
Norwegian_ssh,132,NA,17,1006,1532,7440
Norwegian_ssh,133,NA,5,1083,2638,6264
Norwegian_ssh,134,NA,4,921,3277,5794
Norwegian_ssh,135,NA,NA,387,3032,6580
Norwegian_ssh,136,NA,2,550,1909,7530
Norwegian_ssh,137,NA,NA,349,1245,8399
Norwegian_ssh,138,NA,1,491,1585,7921
Norwegian_ssh,139,NA,NA,448,1266,8276
Norwegian_ssh,140,NA,2,589,1566,7838
Norwegian_ssh,141,NA,1,500,1623,7869
Norwegian_ssh,142,NA,1,567,1823,7605
Norwegian_ssh,143,NA,NA,370,1765,7857
Norwegian_ssh,144,NA,2,527,1490,7977
Polar_cod,1,NA,NA,10,2734,6247
Polar_cod,2,NA,NA,10,2839,6269
Polar_cod,3,NA,NA,8,2847,6300
Polar_cod,4,NA,NA,5,2735,6417
Polar_cod,5,NA,NA,2,2294,6784
Polar_cod,6,NA,NA,NA,1738,7132
Polar_cod,7,NA,NA,NA,1388,7266
Polar_cod,8,NA,NA,NA,1127,7271
Polar_cod,9,NA,NA,NA,933,7148
Polar_cod,10,NA,NA,NA,886,6996
Polar_cod,11,NA,NA,NA,911,6955
Polar_cod,12,NA,NA,NA,941,6913
Polar_cod,13,NA,NA,NA,1117,7159
Polar_cod,14,NA,NA,NA,1057,7166
Polar_cod,15,NA,NA,NA,973,7104
Polar_cod,16,NA,NA,NA,908,7029
Polar_cod,17,NA,NA,NA,882,6972
Polar_cod,18,NA,NA,NA,893,6964
Polar_cod,19,NA,NA,NA,921,7011
Polar_cod,20,NA,NA,NA,951,7032
Polar_cod,21,NA,NA,NA,923,7018
Polar_cod,22,NA,NA,NA,904,7010
Polar_cod,23,NA,NA,NA,910,7043
Polar_cod,24,NA,NA,NA,873,6986
Polar_cod,25,NA,NA,NA,837,6937
Polar_cod,26,NA,NA,NA,859,6958
Polar_cod,27,NA,NA,NA,909,6973
Polar_cod,28,NA,NA,NA,919,6967
Polar_cod,29,NA,NA,NA,945,7018
Polar_cod,30,NA,NA,NA,949,7093
Polar_cod,31,NA,NA,NA,887,7041
Polar_cod,32,NA,NA,NA,831,6970
Polar_cod,33,NA,NA,NA,780,6904
Polar_cod,34,NA,NA,NA,800,6900
Polar_cod,35,NA,NA,NA,815,6901
Polar_cod,36,NA,NA,NA,868,6967
Polar_cod,37,NA,NA,NA,875,6974
Polar_cod,38,NA,NA,NA,887,6988
Polar_cod,39,NA,NA,NA,891,6978
Polar_cod,40,NA,NA,NA,898,6997
Polar_cod,41,NA,NA,NA,879,7000
Polar_cod,42,NA,NA,NA,868,6996
Polar_cod,43,NA,NA,NA,853,6961
Polar_cod,44,NA,NA,NA,865,6957
Polar_cod,45,NA,NA,NA,894,6987
Polar_cod,46,NA,NA,NA,902,7020
Polar_cod,47,NA,NA,NA,861,6994
Polar_cod,48,NA,NA,NA,862,6995
Polar_cod,49,NA,NA,NA,818,6917
Polar_cod,50,NA,NA,NA,836,6933
Polar_cod,51,NA,NA,NA,871,6967
Polar_cod,52,NA,NA,NA,875,6989
Polar_cod,53,NA,NA,NA,850,6970
Polar_cod,54,NA,NA,NA,858,6963
Polar_cod,55,NA,NA,NA,859,6958
Polar_cod,56,NA,NA,NA,857,6920
Polar_cod,57,NA,NA,NA,912,7010
Polar_cod,58,NA,NA,NA,899,7023
Polar_cod,59,NA,NA,NA,867,7004
Polar_cod,60,NA,NA,NA,838,6978
Polar_cod,61,NA,NA,NA,787,6902
Polar_cod,62,NA,NA,NA,840,6907
Polar_cod,63,NA,NA,NA,881,6948
Polar_cod,64,NA,NA,NA,907,7006
Polar_cod,65,NA,NA,NA,906,7026
Polar_cod,66,NA,NA,NA,913,7043
Polar_cod,67,NA,NA,NA,850,6956
Polar_cod,68,NA,NA,NA,852,6954
Polar_cod,69,NA,NA,NA,871,7010
Polar_cod,70,NA,NA,NA,825,6940
Polar_cod,71,NA,NA,NA,838,6939
Polar_cod,72,NA,NA,NA,862,6959
Polar_cod,73,NA,NA,NA,877,6965
Polar_cod,74,NA,NA,NA,890,6988
Polar_cod,75,NA,NA,NA,899,6988
Polar_cod,76,NA,NA,NA,902,7017
Polar_cod,77,NA,NA,NA,862,6979
Polar_cod,78,NA,NA,NA,868,6994
Polar_cod,79,NA,NA,NA,841,6961
Polar_cod,80,NA,NA,NA,838,6911
Polar_cod,81,NA,NA,NA,926,7000
Polar_cod,82,NA,NA,NA,931,7018
Polar_cod,83,NA,NA,NA,902,7017
Polar_cod,84,NA,NA,NA,897,7052
Polar_cod,85,NA,NA,NA,840,6962
Polar_cod,86,NA,NA,NA,810,6923
Polar_cod,87,NA,NA,NA,828,6935
Polar_cod,88,NA,NA,NA,832,6938
Polar_cod,89,NA,NA,NA,811,6923
Polar_cod,90,NA,NA,NA,850,6946
Polar_cod,91,NA,NA,NA,882,6978
Polar_cod,92,NA,NA,NA,865,6955
Polar_cod,93,NA,NA,NA,898,7002
Polar_cod,94,NA,NA,NA,884,7024
Polar_cod,95,NA,NA,NA,836,6963
Polar_cod,96,NA,NA,NA,834,6945
Polar_cod,97,NA,NA,NA,846,6952
Polar_cod,98,NA,NA,NA,832,6938
Polar_cod,99,NA,NA,NA,873,6960
Polar_cod,100,NA,NA,NA,902,6994
Polar_cod,101,NA,NA,NA,892,6997
Polar_cod,102,NA,NA,NA,883,7006
Polar_cod,103,NA,NA,NA,848,7010
Polar_cod,104,NA,NA,NA,798,6911
Polar_cod,105,NA,NA,NA,830,6885
Polar_cod,106,NA,NA,NA,889,6928
Polar_cod,107,NA,NA,NA,958,7042
Polar_cod,108,NA,NA,NA,953,7084
Polar_cod,109,NA,NA,NA,889,7042
Polar_cod,110,NA,NA,NA,818,6955
Polar_cod,111,NA,NA,NA,810,6920
Polar_cod,112,NA,NA,NA,823,6889
Polar_cod,113,NA,NA,NA,868,6950
Polar_cod,114,NA,NA,NA,882,6998
Polar_cod,115,NA,NA,NA,895,7019
Polar_cod,116,NA,NA,NA,872,6953
Polar_cod,117,NA,NA,NA,894,6979
Polar_cod,118,NA,NA,NA,897,7013
Polar_cod,119,NA,NA,NA,895,7035
Polar_cod,120,NA,NA,NA,863,6973
Polar_cod,121,NA,NA,NA,854,6941
Polar_cod,122,NA,NA,NA,870,6953
Polar_cod,123,NA,NA,NA,894,7000
Polar_cod,124,NA,NA,NA,880,6993
Polar_cod,125,NA,NA,NA,863,6980
Polar_cod,126,NA,NA,NA,855,6974
Polar_cod,127,NA,NA,NA,843,6959
Polar_cod,128,NA,NA,NA,850,6944
Polar_cod,129,NA,NA,NA,859,6959
Polar_cod,130,NA,NA,NA,874,6994
Polar_cod,131,NA,NA,NA,856,6977
Polar_cod,132,NA,NA,NA,869,6958
Polar_cod,133,NA,NA,NA,875,6968
Polar_cod,134,NA,NA,NA,881,6967
Polar_cod,135,NA,NA,NA,892,6999
Polar_cod,136,NA,NA,NA,880,7014
Polar_cod,137,NA,NA,NA,826,6960
Polar_cod,138,NA,NA,NA,832,6953
Polar_cod,139,NA,NA,NA,829,6912
Polar_cod,140,NA,NA,NA,867,6937
Polar_cod,141,NA,NA,NA,908,7014
Polar_cod,142,NA,NA,NA,880,7026
Polar_cod,143,NA,NA,NA,829,6973
Polar_cod,144,NA,NA,NA,812,6929
Redfish,1,81,9641,186,87,NA
Redfish,2,NA,8743,1056,194,NA
Redfish,3,NA,8211,1595,183,NA
Redfish,4,NA,8367,1431,191,NA
Redfish,5,NA,8174,1579,242,NA
Redfish,6,NA,8222,1463,306,1
Redfish,7,1,8273,1318,400,3
Redfish,8,3,8372,1149,467,7
Redfish,9,9,8299,1138,528,16
Redfish,10,51,8306,975,632,35
Redfish,11,131,8382,830,605,46
Redfish,12,160,8297,768,685,79
Redfish,13,530,8006,696,659,97
Redfish,14,348,8262,641,620,117
Redfish,15,355,8197,602,683,155
Redfish,16,334,8267,586,654,156
Redfish,17,211,8298,667,660,155
Redfish,18,519,8096,589,632,153
Redfish,19,190,8493,536,616,149
Redfish,20,225,8453,540,623,152
Redfish,21,159,8418,618,648,151
Redfish,22,167,8343,608,706,167
Redfish,23,91,8497,604,663,143
Redfish,24,75,8494,629,657,139
Redfish,25,141,8372,636,695,150
Redfish,26,9,8321,779,730,156
Redfish,27,38,8250,762,778,162
Redfish,28,298,8121,677,739,158
Redfish,29,78,8348,645,759,160
Redfish,30,289,8204,614,729,155
Redfish,31,282,8241,560,751,151
Redfish,32,377,8176,508,776,157
Redfish,33,169,8415,492,762,155
Redfish,34,75,8428,568,760,158
Redfish,35,64,8413,588,772,159
Redfish,36,177,8375,569,724,147
Redfish,37,264,8191,618,762,158
Redfish,38,187,8394,509,750,155
Redfish,39,70,8383,630,754,158
Redfish,40,97,8287,668,781,157
Redfish,41,52,8264,762,760,154
Redfish,42,224,8134,698,781,159
Redfish,43,389,7995,637,803,164
Redfish,44,1549,6995,524,768,159
Redfish,45,440,8050,577,775,151
Redfish,46,454,8124,493,767,154
Redfish,47,77,8375,574,801,163
Redfish,48,447,8084,519,782,161
Redfish,49,378,8174,501,778,159
Redfish,50,574,7880,554,816,162
Redfish,51,285,8240,511,799,157
Redfish,52,539,8035,485,781,154
Redfish,53,213,8371,436,814,165
Redfish,54,204,8388,517,741,144
Redfish,55,84,8344,610,802,154
Redfish,56,89,8297,708,754,139
Redfish,57,52,8158,785,843,153
Redfish,58,115,8081,787,847,167
Redfish,59,649,7742,631,814,156
Redfish,60,492,7878,646,826,154
Redfish,61,335,8093,599,808,155
Redfish,62,240,8049,700,837,168
Redfish,63,345,8078,637,780,150
Redfish,64,939,7551,595,753,153
Redfish,65,327,8047,678,784,156
Redfish,66,818,7632,579,804,158
Redfish,67,115,8312,651,778,144
Redfish,68,322,8113,591,813,152
Redfish,69,561,7919,577,781,153
Redfish,70,674,7954,471,741,143
Redfish,71,29,8286,725,805,148
Redfish,72,25,8247,767,797,151
Redfish,73,41,8193,772,824,157
Redfish,74,52,8142,820,820,160
Redfish,75,293,8084,692,777,154
Redfish,76,201,8273,606,764,155
Redfish,77,256,8152,676,761,147
Redfish,78,389,8054,616,777,152
Redfish,79,140,8269,660,760,161
Redfish,80,340,8221,569,718,146
Redfish,81,178,8266,571,814,160
Redfish,82,278,8273,553,736,149
Redfish,83,103,8338,599,792,159
Redfish,84,430,8118,561,740,141
Redfish,85,12,8213,798,801,164
Redfish,86,271,8073,673,811,156
Redfish,87,78,8323,662,779,148
Redfish,88,94,8300,689,760,146
Redfish,89,111,8355,649,729,146
Redfish,90,121,8281,661,769,152
Redfish,91,448,8039,586,770,156
Redfish,92,51,8318,662,799,162
Redfish,93,76,8218,747,794,160
Redfish,94,112,8149,753,815,162
Redfish,95,244,8146,662,786,157
Redfish,96,120,8276,629,803,164
Redfish,97,252,8185,591,806,163
Redfish,98,43,8350,674,766,158
Redfish,99,14,8239,735,830,173
Redfish,100,86,8175,777,787,167
Redfish,101,227,8090,736,779,159
Redfish,102,38,8371,718,723,143
Redfish,103,57,8176,787,811,160
Redfish,104,81,8216,735,798,158
Redfish,105,99,8221,693,811,167
Redfish,106,64,8195,779,797,160
Redfish,107,10,8235,825,771,149
Redfish,108,7,8127,840,854,171
Redfish,109,26,8070,912,819,166
Redfish,110,45,8064,866,841,169
Redfish,111,23,8123,843,831,169
Redfish,112,1,8097,884,836,173
Redfish,113,NA,8019,874,919,181
Redfish,114,3,8155,850,810,169
Redfish,115,NA,8105,897,808,184
Redfish,116,1,8093,862,843,192
Redfish,117,NA,7994,908,889,201
Redfish,118,3,8044,904,848,186
Redfish,119,NA,8051,939,813,186
Redfish,120,2,8070,890,835,191
Redfish,121,NA,8087,895,826,189
Redfish,122,2,8153,813,829,201
Redfish,123,NA,8118,861,817,200
Redfish,124,NA,8042,915,835,204
Redfish,125,NA,7885,1013,879,213
Redfish,126,NA,7990,982,833,198
Redfish,127,7,8097,909,789,200
Redfish,128,NA,8084,860,834,216
Redfish,129,1,8185,807,795,206
Redfish,130,NA,8246,759,779,213
Redfish,131,8,8229,733,800,223
Redfish,132,NA,8247,755,753,234
Redfish,133,NA,8314,768,691,215
Redfish,134,NA,8264,770,731,229
Redfish,135,2,8308,736,723,229
Redfish,136,NA,8341,705,713,228
Redfish,137,NA,8384,694,689,227
Redfish,138,2,8335,689,725,239
Redfish,139,NA,8610,583,572,224
Redfish,140,1,8529,605,627,237
Redfish,141,NA,8494,665,603,234
Redfish,142,NA,8234,888,635,233
Redfish,143,1,8492,658,609,232
Redfish,144,NA,8522,716,538,214
Saithe,1,NA,2899,5876,1079,118
Saithe,2,NA,816,6556,2181,426
Saithe,3,NA,515,5550,3110,777
Saithe,4,NA,335,5238,3360,1005
Saithe,5,NA,213,5228,3365,1100
Saithe,6,NA,141,4647,3968,1105
Saithe,7,NA,95,3960,4571,1175
Saithe,8,NA,84,3500,4970,1194
Saithe,9,NA,63,3162,5276,1207
Saithe,10,NA,64,2960,5270,1355
Saithe,11,NA,55,2862,5297,1402
Saithe,12,NA,68,2730,5184,1569
Saithe,13,NA,64,2675,5020,1768
Saithe,14,NA,68,2586,4932,1901
Saithe,15,NA,78,2622,4741,2037
Saithe,16,NA,127,2629,4509,2165
Saithe,17,NA,192,2789,4356,2130
Saithe,18,NA,244,3074,3953,2144
Saithe,19,NA,298,3464,3546,2059
Saithe,20,NA,377,3992,3237,1780
Saithe,21,NA,405,4358,3099,1523
Saithe,22,NA,429,4809,3077,1198
Saithe,23,NA,412,4978,3271,943
Saithe,24,NA,446,5018,3332,846
Saithe,25,NA,382,5068,3547,706
Saithe,26,NA,450,5048,3605,640
Saithe,27,NA,572,4990,3641,571
Saithe,28,NA,628,5221,3526,471
Saithe,29,NA,712,5438,3226,500
Saithe,30,NA,729,5725,2994,447
Saithe,31,NA,698,5965,2847,383
Saithe,32,NA,657,6179,2711,362
Saithe,33,NA,667,6100,2848,310
Saithe,34,NA,736,5965,2963,275
Saithe,35,NA,779,5844,3029,281
Saithe,36,NA,692,6014,2946,283
Saithe,37,NA,629,6095,2971,246
Saithe,38,NA,636,6131,2903,284
Saithe,39,NA,623,6010,3030,287
Saithe,40,NA,586,5837,3215,311
Saithe,41,NA,589,5830,3213,311
Saithe,42,NA,493,5794,3329,321
Saithe,43,NA,485,5831,3304,327
Saithe,44,NA,479,5767,3342,348
Saithe,45,NA,452,5574,3554,370
Saithe,46,NA,449,5561,3529,402
Saithe,47,NA,482,5607,3450,401
Saithe,48,NA,478,5495,3503,454
Saithe,49,NA,490,5463,3485,498
Saithe,50,NA,534,5412,3409,559
Saithe,51,NA,543,5466,3318,587
Saithe,52,NA,554,5419,3332,604
Saithe,53,NA,595,5561,3164,579
Saithe,54,NA,603,5590,3143,572
Saithe,55,NA,649,5716,2944,579
Saithe,56,NA,575,5705,3081,524
Saithe,57,NA,537,5665,3203,491
Saithe,58,NA,470,5651,3355,435
Saithe,59,NA,422,5554,3473,461
Saithe,60,NA,372,5480,3575,481
Saithe,61,NA,310,5351,3763,470
Saithe,62,NA,239,5296,3893,482
Saithe,63,NA,237,5126,4053,493
Saithe,64,NA,224,4831,4245,598
Saithe,65,NA,235,4499,4436,721
Saithe,66,NA,259,4430,4343,848
Saithe,67,NA,279,4335,4277,970
Saithe,68,NA,237,4226,4204,1169
Saithe,69,NA,224,4273,4037,1274
Saithe,70,NA,200,4197,3997,1391
Saithe,71,NA,219,4210,3898,1422
Saithe,72,NA,187,4033,4015,1453
Saithe,73,NA,156,3908,4149,1443
Saithe,74,NA,140,3665,4241,1517
Saithe,75,NA,132,3603,4287,1500
Saithe,76,NA,134,3498,4313,1546
Saithe,77,NA,117,3322,4395,1607
Saithe,78,NA,128,3400,4328,1590
Saithe,79,NA,111,3248,4347,1707
Saithe,80,NA,147,3449,4184,1661
Saithe,81,NA,134,3389,4158,1722
Saithe,82,NA,151,3280,4134,1830
Saithe,83,NA,142,3289,4043,1880
Saithe,84,NA,136,3300,4015,1899
Saithe,85,NA,148,3236,3980,1937
Saithe,86,NA,91,3151,4111,1936
Saithe,87,NA,86,2971,4244,1940
Saithe,88,NA,97,2936,4165,1980
Saithe,89,NA,85,2927,4172,1998
Saithe,90,NA,96,2928,4201,1940
Saithe,91,NA,103,2937,4133,1987
Saithe,92,NA,104,2944,4127,1961
Saithe,93,NA,92,2887,4204,1967
Saithe,94,NA,87,2879,4207,1946
Saithe,95,NA,73,2817,4304,1952
Saithe,96,NA,77,2688,4337,2041
Saithe,97,NA,76,2685,4320,2047
Saithe,98,NA,79,2753,4315,2052
Saithe,99,NA,87,2735,4289,2041
Saithe,100,NA,78,2666,4291,2124
Saithe,101,NA,67,2712,4209,2076
Saithe,102,NA,84,2675,4210,2094
Saithe,103,NA,69,2703,4270,2045
Saithe,104,NA,74,2516,4405,2049
Saithe,105,NA,66,2572,4299,2104
Saithe,106,NA,70,2623,4272,2087
Saithe,107,NA,90,2663,4210,2110
Saithe,108,NA,91,2669,4217,2127
Saithe,109,NA,83,2589,4318,2109
Saithe,110,NA,77,2659,4232,2115
Saithe,111,NA,77,2647,4295,2082
Saithe,112,NA,75,2637,4292,2088
Saithe,113,NA,70,2605,4379,2031
Saithe,114,NA,62,2570,4331,2128
Saithe,115,NA,63,2424,4476,2104
Saithe,116,NA,50,2334,4557,2120
Saithe,117,NA,53,2352,4564,2121
Saithe,118,NA,47,2356,4590,2061
Saithe,119,NA,51,2258,4692,2085
Saithe,120,NA,49,2302,4545,2141
Saithe,121,NA,56,2311,4565,2118
Saithe,122,NA,46,2278,4665,2068
Saithe,123,NA,45,2171,4701,2112
Saithe,124,NA,44,2146,4667,2146
Saithe,125,NA,47,2157,4593,2198
Saithe,126,NA,39,2113,4641,2186
Saithe,127,NA,35,2109,4684,2191
Saithe,128,NA,35,2088,4722,2153
Saithe,129,NA,38,2044,4774,2125
Saithe,130,NA,36,2070,4730,2128
Saithe,131,NA,38,2018,4744,2129
Saithe,132,NA,35,1993,4800,2121
Saithe,133,NA,30,1919,4775,2194
Saithe,134,NA,31,1944,4759,2227
Saithe,135,NA,36,1990,4751,2198
Saithe,136,NA,35,1972,4762,2175
Saithe,137,NA,35,1934,4661,2244
Saithe,138,NA,32,1972,4814,2153
Saithe,139,NA,30,2003,4735,2172
Saithe,140,NA,30,1969,4808,2123
Saithe,141,NA,33,2055,4738,2137
Saithe,142,NA,30,1984,4867,2122
Saithe,143,NA,25,1860,4876,2168
Saithe,144,NA,27,1836,4884,2173
